,Survived,Pclass,Sex,Age,Fare,C,Q,S,Group,Master,Miss,Mr,Mrs,AgeGroup
0,0,1,0.0,22.0,7.25,0,0,1,1.0,0,0,1,0,20
1,1,3,1.0,38.0,71.2833,1,0,0,1.0,0,0,0,1,30
2,1,1,1.0,26.0,7.925,0,0,1,0.0,0,1,0,0,20
3,1,3,1.0,35.0,53.1,0,0,1,1.0,0,0,0,1,30
4,0,1,0.0,35.0,8.05,0,0,1,0.0,0,0,1,0,30
5,0,1,0.0,29.550681762601315,8.4583,0,1,0,0.0,0,0,1,0,20
6,0,3,0.0,54.0,51.8625,0,0,1,0.0,0,0,1,0,50
7,0,1,0.0,2.0,21.075,0,0,1,1.0,1,0,0,0,1
8,1,1,1.0,27.0,11.1333,0,0,1,1.0,0,0,0,1,20
9,1,2,1.0,14.0,30.0708,1,0,0,1.0,0,0,0,1,10
10,1,1,1.0,4.0,16.7,0,0,1,1.0,0,1,0,0,1
11,1,3,1.0,58.0,26.55,0,0,1,0.0,0,1,0,0,50
12,0,1,0.0,20.0,8.05,0,0,1,0.0,0,0,1,0,10
13,0,1,0.0,39.0,31.275,0,0,1,1.0,0,0,1,0,30
14,0,1,1.0,14.0,7.8542,0,0,1,0.0,0,1,0,0,10
15,1,2,1.0,55.0,16.0,0,0,1,0.0,0,0,0,1,50
16,0,1,0.0,2.0,29.125,0,1,0,1.0,1,0,0,0,1
17,1,2,0.0,34.20910602740714,13.0,0,0,1,0.0,0,0,1,0,30
18,0,1,1.0,31.0,18.0,0,0,1,1.0,0,0,0,1,30
19,1,1,1.0,45.70346087599857,7.225,1,0,0,0.0,0,0,0,1,40
20,0,2,0.0,35.0,26.0,0,0,1,1.0,0,0,1,0,30
21,1,2,0.0,34.0,13.0,0,0,1,0.0,0,0,1,0,30
22,1,1,1.0,15.0,8.0292,0,1,0,0.0,0,1,0,0,10
23,1,3,0.0,28.0,35.5,0,0,1,0.0,0,0,1,0,20
24,0,1,1.0,8.0,21.075,0,0,1,1.0,0,1,0,0,1
25,1,1,1.0,38.0,31.3875,0,0,1,1.0,0,0,0,1,30
26,0,1,0.0,29.550681762601315,7.225,1,0,0,0.0,0,0,1,0,20
27,0,3,0.0,19.0,263.0,0,0,1,1.0,0,0,1,0,10
28,1,1,1.0,22.840274006657104,7.8792,0,1,0,0.0,0,1,0,0,20
29,0,1,0.0,29.550681762601315,7.8958,0,0,1,0.0,0,0,1,0,20
30,0,3,0.0,40.0,27.7208,1,0,0,0.0,0,0,1,0,30
31,1,3,1.0,39.916408721218616,146.5208,1,0,0,1.0,0,0,0,1,30
32,1,1,1.0,22.840274006657104,7.75,0,1,0,0.0,0,1,0,0,20
33,0,2,0.0,66.0,10.5,0,0,1,0.0,0,0,1,0,60
34,0,3,0.0,28.0,82.1708,1,0,0,1.0,0,0,1,0,20
35,0,3,0.0,42.0,52.0,0,0,1,1.0,0,0,1,0,40
36,1,1,0.0,29.550681762601315,7.2292,1,0,0,0.0,0,0,1,0,20
37,0,1,0.0,21.0,8.05,0,0,1,0.0,0,0,1,0,20
38,0,1,1.0,18.0,18.0,0,0,1,1.0,0,1,0,0,10
39,1,1,1.0,14.0,11.2417,1,0,0,1.0,0,1,0,0,10
40,0,1,1.0,40.0,9.475,0,0,1,1.0,0,0,0,1,30
41,0,2,1.0,27.0,21.0,0,0,1,1.0,0,0,0,1,20
42,0,1,0.0,29.550681762601315,7.8958,1,0,0,0.0,0,0,1,0,20
43,1,2,1.0,3.0,41.5792,1,0,0,1.0,0,1,0,0,1
44,1,1,1.0,19.0,7.8792,0,1,0,0.0,0,1,0,0,10
45,0,1,0.0,29.550681762601315,8.05,0,0,1,0.0,0,0,1,0,20
46,0,1,0.0,26.643349472847486,15.5,0,1,0,1.0,0,0,1,0,20
47,1,1,1.0,22.840274006657104,7.75,0,1,0,0.0,0,1,0,0,20
48,0,1,0.0,26.643349472847486,21.6792,1,0,0,1.0,0,0,1,0,20
49,0,1,1.0,18.0,17.8,0,0,1,1.0,0,0,0,1,10
50,0,1,0.0,7.0,39.6875,0,0,1,1.0,1,0,0,0,1
51,0,1,0.0,21.0,7.8,0,0,1,0.0,0,0,1,0,20
52,1,3,1.0,49.0,76.7292,1,0,0,1.0,0,0,0,1,40
53,1,2,1.0,29.0,26.0,0,0,1,1.0,0,0,0,1,20
54,0,3,0.0,65.0,61.9792,1,0,0,1.0,0,0,1,0,60
55,1,3,0.0,46.049578020368024,35.5,0,0,1,0.0,0,0,1,0,40
56,1,2,1.0,21.0,10.5,0,0,1,0.0,0,1,0,0,20
57,0,1,0.0,28.5,7.2292,1,0,0,0.0,0,0,1,0,20
58,1,2,1.0,5.0,27.75,0,0,1,1.0,0,1,0,0,1
59,0,1,0.0,11.0,46.9,0,0,1,1.0,1,0,0,0,10
60,0,1,0.0,22.0,7.2292,1,0,0,0.0,0,0,1,0,20
62,0,3,0.0,45.0,83.475,0,0,1,1.0,0,0,1,0,40
63,0,1,0.0,4.0,27.9,0,0,1,1.0,1,0,0,0,1
64,0,3,0.0,46.049578020368024,27.7208,1,0,0,0.0,0,0,1,0,40
65,1,1,0.0,5.310913898963,15.2458,1,0,0,1.0,1,0,0,0,1
66,1,2,1.0,29.0,10.5,0,0,1,0.0,0,0,0,1,20
67,0,1,0.0,19.0,8.1583,0,0,1,0.0,0,0,1,0,10
68,1,1,1.0,17.0,7.925,0,0,1,1.0,0,1,0,0,10
69,0,1,0.0,26.0,8.6625,0,0,1,1.0,0,0,1,0,20
70,0,2,0.0,32.0,10.5,0,0,1,0.0,0,0,1,0,30
71,0,1,1.0,16.0,46.9,0,0,1,1.0,0,1,0,0,10
72,0,2,0.0,21.0,73.5,0,0,1,1.0,0,0,1,0,20
73,0,1,0.0,26.0,14.4542,1,0,0,1.0,0,0,1,0,20
74,1,1,0.0,32.0,56.4958,0,0,1,1.0,0,0,1,0,30
75,0,1,0.0,25.0,7.65,0,0,1,0.0,0,0,1,0,20
76,0,1,0.0,29.550681762601315,7.8958,0,0,1,0.0,0,0,1,0,20
77,0,1,0.0,29.550681762601315,8.05,0,0,1,0.0,0,0,1,0,20
78,1,2,0.0,0.83,29.0,0,0,1,1.0,1,0,0,0,1
79,1,1,1.0,30.0,12.475,0,0,1,1.0,0,1,0,0,20
80,0,1,0.0,22.0,9.0,0,0,1,0.0,0,0,1,0,20
81,1,1,0.0,29.0,9.5,0,0,1,0.0,0,0,1,0,20
82,1,1,1.0,22.840274006657104,7.7875,0,1,0,0.0,0,1,0,0,20
83,0,3,0.0,28.0,47.1,0,0,1,0.0,0,0,1,0,20
84,1,2,1.0,17.0,10.5,0,0,1,0.0,0,1,0,0,10
85,1,1,1.0,33.0,15.85,0,0,1,1.0,0,0,0,1,30
86,0,1,0.0,16.0,34.375,0,0,1,1.0,0,0,1,0,10
87,0,1,0.0,29.550681762601315,8.05,0,0,1,0.0,0,0,1,0,20
88,1,3,1.0,23.0,263.0,0,0,1,1.0,0,1,0,0,20
89,0,1,0.0,24.0,8.05,0,0,1,0.0,0,0,1,0,20
90,0,1,0.0,29.0,8.05,0,0,1,0.0,0,0,1,0,20
91,0,1,0.0,20.0,7.8542,0,0,1,0.0,0,0,1,0,10
92,0,3,0.0,46.0,61.175,0,0,1,1.0,0,0,1,0,40
93,0,1,0.0,26.0,20.575,0,0,1,1.0,0,0,1,0,20
94,0,1,0.0,59.0,7.25,0,0,1,0.0,0,0,1,0,50
95,0,1,0.0,29.550681762601315,8.05,0,0,1,0.0,0,0,1,0,20
96,0,3,0.0,71.0,34.6542,1,0,0,0.0,0,0,1,0,70
97,1,3,0.0,23.0,63.3583,1,0,0,1.0,0,0,1,0,20
98,1,2,1.0,34.0,23.0,0,0,1,1.0,0,0,0,1,30
99,0,2,0.0,34.0,26.0,0,0,1,1.0,0,0,1,0,30
100,0,1,1.0,28.0,7.8958,0,0,1,0.0,0,1,0,0,20
101,0,1,0.0,29.550681762601315,7.8958,0,0,1,0.0,0,0,1,0,20
102,0,3,0.0,21.0,77.2875,0,0,1,1.0,0,0,1,0,20
103,0,1,0.0,33.0,8.6542,0,0,1,0.0,0,0,1,0,30
104,0,1,0.0,37.0,7.925,0,0,1,1.0,0,0,1,0,30
105,0,1,0.0,28.0,7.8958,0,0,1,0.0,0,0,1,0,20
106,1,1,1.0,21.0,7.65,0,0,1,0.0,0,1,0,0,20
107,1,1,0.0,29.550681762601315,7.775,0,0,1,0.0,0,0,1,0,20
108,0,1,0.0,38.0,7.8958,0,0,1,0.0,0,0,1,0,30
109,1,1,1.0,9.965444864692493,24.15,0,1,0,1.0,0,1,0,0,1
110,0,3,0.0,47.0,52.0,0,0,1,1.0,0,0,1,0,40
111,0,1,1.0,14.5,14.4542,1,0,0,1.0,0,1,0,0,10
112,0,1,0.0,22.0,8.05,0,0,1,0.0,0,0,1,0,20
113,0,1,1.0,20.0,9.825,0,0,1,1.0,0,1,0,0,10
114,0,1,1.0,17.0,14.4583,1,0,0,1.0,0,1,0,0,10
115,0,1,0.0,21.0,7.925,0,0,1,0.0,0,0,1,0,20
116,0,1,0.0,70.5,7.75,0,1,0,0.0,0,0,1,0,70
117,0,2,0.0,29.0,21.0,0,0,1,1.0,0,0,1,0,20
118,0,3,0.0,24.0,247.5208,1,0,0,1.0,0,0,1,0,20
119,0,1,1.0,2.0,31.275,0,0,1,1.0,0,1,0,0,1
120,0,2,0.0,21.0,73.5,0,0,1,1.0,0,0,1,0,20
121,0,1,0.0,29.550681762601315,8.05,0,0,1,0.0,0,0,1,0,20
122,0,2,0.0,32.5,30.0708,1,0,0,1.0,0,0,1,0,30
123,1,2,1.0,32.5,13.0,0,0,1,0.0,0,1,0,0,30
124,0,3,0.0,54.0,77.2875,0,0,1,1.0,0,0,1,0,50
125,1,1,0.0,12.0,11.2417,1,0,0,1.0,1,0,0,0,10
126,0,1,0.0,29.550681762601315,7.75,0,1,0,0.0,0,0,1,0,20
127,1,1,0.0,24.0,7.1417,0,0,1,0.0,0,0,1,0,20
128,1,1,1.0,9.965444864692493,22.3583,1,0,0,1.0,0,1,0,0,1
129,0,1,0.0,45.0,6.975,0,0,1,0.0,0,0,1,0,40
130,0,1,0.0,33.0,7.8958,1,0,0,0.0,0,0,1,0,30
131,0,1,0.0,20.0,7.05,0,0,1,0.0,0,0,1,0,10
132,0,1,1.0,47.0,14.5,0,0,1,1.0,0,0,0,1,40
133,1,2,1.0,29.0,26.0,0,0,1,1.0,0,0,0,1,20
134,0,2,0.0,25.0,13.0,0,0,1,0.0,0,0,1,0,20
135,0,2,0.0,23.0,15.0458,1,0,0,0.0,0,0,1,0,20
136,1,3,1.0,19.0,26.2833,0,0,1,1.0,0,1,0,0,10
137,0,3,0.0,37.0,53.1,0,0,1,1.0,0,0,1,0,30
138,0,1,0.0,16.0,9.2167,0,0,1,1.0,0,0,1,0,10
139,0,3,0.0,24.0,79.2,1,0,0,1.0,0,0,1,0,20
140,0,1,1.0,32.508197431460786,15.2458,1,0,0,1.0,0,0,0,1,30
141,1,1,1.0,22.0,7.75,0,0,1,0.0,0,1,0,0,20
142,1,1,1.0,24.0,15.85,0,0,1,1.0,0,0,0,1,20
143,0,1,0.0,19.0,6.75,0,1,0,0.0,0,0,1,0,10
144,0,2,0.0,18.0,11.5,0,0,1,0.0,0,0,1,0,10
145,0,2,0.0,19.0,36.75,0,0,1,1.0,0,0,1,0,10
146,1,1,0.0,27.0,7.7958,0,0,1,0.0,0,0,1,0,20
147,0,1,1.0,9.0,34.375,0,0,1,1.0,0,1,0,0,1
148,0,2,0.0,36.5,26.0,0,0,1,1.0,0,0,1,0,30
149,0,2,0.0,42.0,13.0,0,0,1,0.0,0,0,1,0,40
150,0,2,0.0,51.0,12.525,0,0,1,0.0,0,0,1,0,50
151,1,3,1.0,22.0,66.6,0,0,1,1.0,0,0,0,1,20
152,0,1,0.0,55.5,8.05,0,0,1,0.0,0,0,1,0,50
153,0,1,0.0,40.5,14.5,0,0,1,1.0,0,0,1,0,40
154,0,1,0.0,29.550681762601315,7.3125,0,0,1,0.0,0,0,1,0,20
155,0,3,0.0,51.0,61.3792,1,0,0,1.0,0,0,1,0,50
156,1,1,1.0,16.0,7.7333,0,1,0,0.0,0,1,0,0,10
157,0,1,0.0,30.0,8.05,0,0,1,0.0,0,0,1,0,20
158,0,1,0.0,29.550681762601315,8.6625,0,0,1,0.0,0,0,1,0,20
159,0,1,0.0,5.310913898963,69.55,0,0,1,1.0,1,0,0,0,1
160,0,1,0.0,44.0,16.1,0,0,1,1.0,0,0,1,0,40
161,1,2,1.0,40.0,15.75,0,0,1,0.0,0,0,0,1,30
162,0,1,0.0,26.0,7.775,0,0,1,0.0,0,0,1,0,20
163,0,1,0.0,17.0,8.6625,0,0,1,0.0,0,0,1,0,10
164,0,1,0.0,1.0,39.6875,0,0,1,1.0,1,0,0,0,1
165,1,1,0.0,9.0,20.525,0,0,1,1.0,1,0,0,0,1
166,1,3,1.0,39.916408721218616,55.0,0,0,1,1.0,0,0,0,1,30
167,0,1,1.0,45.0,27.9,0,0,1,1.0,0,0,0,1,40
168,0,3,0.0,46.049578020368024,25.925,0,0,1,0.0,0,0,1,0,40
169,0,1,0.0,28.0,56.4958,0,0,1,1.0,0,0,1,0,20
170,0,3,0.0,61.0,33.5,0,0,1,0.0,0,0,1,0,60
171,0,1,0.0,4.0,29.125,0,1,0,1.0,1,0,0,0,1
172,1,1,1.0,1.0,11.1333,0,0,1,1.0,0,1,0,0,1
173,0,1,0.0,21.0,7.925,0,0,1,0.0,0,0,1,0,20
174,0,3,0.0,56.0,30.6958,1,0,0,0.0,0,0,1,0,50
175,0,1,0.0,18.0,7.8542,0,0,1,1.0,0,0,1,0,10
176,0,1,0.0,5.310913898963,25.4667,0,0,1,1.0,1,0,0,0,1
177,0,3,1.0,50.0,28.7125,1,0,0,0.0,0,1,0,0,40
178,0,2,0.0,30.0,13.0,0,0,1,0.0,0,0,1,0,20
179,0,1,0.0,36.0,0.0,0,0,1,1.0,0,0,1,0,30
180,0,1,1.0,9.965444864692493,69.55,0,0,1,1.0,0,1,0,0,1
181,0,2,0.0,34.20910602740714,15.05,1,0,0,0.0,0,0,1,0,30
182,0,1,0.0,9.0,31.3875,0,0,1,1.0,1,0,0,0,1
183,1,2,0.0,1.0,39.0,0,0,1,1.0,1,0,0,0,1
184,1,1,1.0,4.0,22.025,0,0,1,1.0,0,1,0,0,1
185,0,3,0.0,46.049578020368024,50.0,0,0,1,0.0,0,0,1,0,40
186,1,1,1.0,32.508197431460786,15.5,0,1,0,1.0,0,0,0,1,30
187,1,3,0.0,45.0,26.55,0,0,1,0.0,0,0,1,0,40
188,0,1,0.0,40.0,15.5,0,1,0,1.0,0,0,1,0,30
189,0,1,0.0,36.0,7.8958,0,0,1,0.0,0,0,1,0,30
190,1,2,1.0,32.0,13.0,0,0,1,0.0,0,0,0,1,30
191,0,2,0.0,19.0,13.0,0,0,1,0.0,0,0,1,0,10
192,1,1,1.0,19.0,7.8542,0,0,1,1.0,0,1,0,0,10
193,1,2,0.0,3.0,26.0,0,0,1,1.0,1,0,0,0,1
194,1,3,1.0,44.0,27.7208,1,0,0,0.0,0,0,0,1,40
195,1,3,1.0,58.0,146.5208,1,0,0,1.0,0,1,0,0,50
196,0,1,0.0,29.550681762601315,7.75,0,1,0,0.0,0,0,1,0,20
197,0,1,0.0,42.0,8.4042,0,0,1,1.0,0,0,1,0,40
198,1,1,1.0,22.840274006657104,7.75,0,1,0,0.0,0,1,0,0,20
199,0,2,1.0,24.0,13.0,0,0,1,0.0,0,1,0,0,20
200,0,1,0.0,28.0,9.5,0,0,1,0.0,0,0,1,0,20
201,0,1,0.0,26.643349472847486,69.55,0,0,1,1.0,0,0,1,0,20
202,0,1,0.0,34.0,6.4958,0,0,1,0.0,0,0,1,0,30
203,0,1,0.0,45.5,7.225,1,0,0,0.0,0,0,1,0,40
204,1,1,0.0,18.0,8.05,0,0,1,0.0,0,0,1,0,10
205,0,1,1.0,2.0,10.4625,0,0,1,1.0,0,1,0,0,1
206,0,1,0.0,32.0,15.85,0,0,1,1.0,0,0,1,0,30
207,1,1,0.0,26.0,18.7875,1,0,0,1.0,0,0,1,0,20
208,1,1,1.0,16.0,7.75,0,1,0,0.0,0,1,0,0,10
209,1,3,0.0,40.0,31.0,1,0,0,0.0,0,0,1,0,30
210,0,1,0.0,24.0,7.05,0,0,1,0.0,0,0,1,0,20
211,1,2,1.0,35.0,21.0,0,0,1,0.0,0,1,0,0,30
212,0,1,0.0,22.0,7.25,0,0,1,0.0,0,0,1,0,20
213,0,2,0.0,30.0,13.0,0,0,1,0.0,0,0,1,0,20
214,0,1,0.0,26.643349472847486,7.75,0,1,0,1.0,0,0,1,0,20
215,1,3,1.0,31.0,113.275,1,0,0,1.0,0,1,0,0,30
216,1,1,1.0,27.0,7.925,0,0,1,0.0,0,1,0,0,20
217,0,2,0.0,42.0,27.0,0,0,1,1.0,0,0,1,0,40
218,1,3,1.0,32.0,76.2917,1,0,0,0.0,0,1,0,0,30
219,0,2,0.0,30.0,10.5,0,0,1,0.0,0,0,1,0,20
220,1,1,0.0,16.0,8.05,0,0,1,0.0,0,0,1,0,10
221,0,2,0.0,27.0,13.0,0,0,1,0.0,0,0,1,0,20
222,0,1,0.0,51.0,8.05,0,0,1,0.0,0,0,1,0,50
223,0,1,0.0,29.550681762601315,7.8958,0,0,1,0.0,0,0,1,0,20
224,1,3,0.0,38.0,90.0,0,0,1,1.0,0,0,1,0,30
225,0,1,0.0,22.0,9.35,0,0,1,0.0,0,0,1,0,20
226,1,2,0.0,19.0,10.5,0,0,1,0.0,0,0,1,0,10
227,0,1,0.0,20.5,7.25,0,0,1,0.0,0,0,1,0,20
228,0,2,0.0,18.0,13.0,0,0,1,0.0,0,0,1,0,10
229,0,1,1.0,9.965444864692493,25.4667,0,0,1,1.0,0,1,0,0,1
230,1,3,1.0,35.0,83.475,0,0,1,1.0,0,0,0,1,30
231,0,1,0.0,29.0,7.775,0,0,1,0.0,0,0,1,0,20
232,0,2,0.0,59.0,13.5,0,0,1,0.0,0,0,1,0,50
233,1,1,1.0,5.0,31.3875,0,0,1,1.0,0,1,0,0,1
234,0,2,0.0,24.0,10.5,0,0,1,0.0,0,0,1,0,20
235,0,1,1.0,22.840274006657104,7.55,0,0,1,0.0,0,1,0,0,20
236,0,2,0.0,44.0,26.0,0,0,1,1.0,0,0,1,0,40
237,1,2,1.0,8.0,26.25,0,0,1,1.0,0,1,0,0,1
238,0,2,0.0,19.0,10.5,0,0,1,0.0,0,0,1,0,10
239,0,2,0.0,33.0,12.275,0,0,1,0.0,0,0,1,0,30
240,0,1,1.0,9.965444864692493,14.4542,1,0,0,1.0,0,1,0,0,1
241,1,1,1.0,9.965444864692493,15.5,0,1,0,1.0,0,1,0,0,1
242,0,2,0.0,29.0,10.5,0,0,1,0.0,0,0,1,0,20
243,0,1,0.0,22.0,7.125,0,0,1,0.0,0,0,1,0,20
244,0,1,0.0,30.0,7.225,1,0,0,0.0,0,0,1,0,20
245,0,3,0.0,44.0,90.0,0,1,0,1.0,0,0,1,0,40
246,0,1,1.0,25.0,7.775,0,0,1,0.0,0,1,0,0,20
247,1,2,1.0,24.0,14.5,0,0,1,1.0,0,0,0,1,20
248,1,3,0.0,37.0,52.5542,0,0,1,1.0,0,0,1,0,30
249,0,2,0.0,54.0,26.0,0,0,1,1.0,0,0,1,0,50
250,0,1,0.0,29.550681762601315,7.25,0,0,1,0.0,0,0,1,0,20
251,0,1,1.0,29.0,10.4625,0,0,1,1.0,0,0,0,1,20
252,0,3,0.0,62.0,26.55,0,0,1,0.0,0,0,1,0,60
253,0,1,0.0,30.0,16.1,0,0,1,1.0,0,0,1,0,20
254,0,1,1.0,41.0,20.2125,0,0,1,1.0,0,0,0,1,40
255,1,1,1.0,29.0,15.2458,1,0,0,1.0,0,0,0,1,20
256,1,3,1.0,46.29042386288727,79.2,1,0,0,0.0,0,0,0,1,40
257,1,3,1.0,30.0,86.5,0,0,1,1.0,0,1,0,0,20
259,1,2,1.0,50.0,26.0,0,0,1,1.0,0,0,0,1,40
260,0,1,0.0,29.550681762601315,7.75,0,1,0,0.0,0,0,1,0,20
261,1,1,0.0,3.0,31.3875,0,0,1,1.0,1,0,0,0,1
262,0,3,0.0,52.0,79.65,0,0,1,1.0,0,0,1,0,50
263,0,3,0.0,40.0,0.0,0,0,1,0.0,0,0,1,0,30
264,0,1,1.0,22.840274006657104,7.75,0,1,0,0.0,0,1,0,0,20
265,0,2,0.0,36.0,10.5,0,0,1,0.0,0,0,1,0,30
266,0,1,0.0,16.0,39.6875,0,0,1,1.0,0,0,1,0,10
267,1,1,0.0,25.0,7.775,0,0,1,1.0,0,0,1,0,20
268,1,3,1.0,58.0,153.4625,0,0,1,1.0,0,0,0,1,50
269,1,3,1.0,35.0,135.6333,0,0,1,1.0,0,1,0,0,30
270,0,3,0.0,38.77262287223944,31.0,0,0,1,1.0,0,0,1,0,30
271,1,1,0.0,25.0,0.0,0,0,1,1.0,0,0,1,0,20
272,1,2,1.0,41.0,19.5,0,0,1,1.0,0,0,0,1,40
273,0,3,0.0,37.0,29.7,1,0,0,1.0,0,0,1,0,30
274,1,1,1.0,22.840274006657104,7.75,0,1,0,0.0,0,1,0,0,20
275,1,3,1.0,63.0,77.9583,0,0,1,1.0,0,1,0,0,60
276,0,1,1.0,45.0,7.75,0,0,1,0.0,0,1,0,0,40
277,0,2,0.0,32.962771039555705,0.0,0,0,1,1.0,0,0,1,0,30
278,0,1,0.0,7.0,29.125,0,1,0,1.0,1,0,0,0,1
279,1,1,1.0,35.0,20.25,0,0,1,1.0,0,0,0,1,30
280,0,1,0.0,65.0,7.75,0,1,0,0.0,0,0,1,0,60
281,0,1,0.0,28.0,7.8542,0,0,1,0.0,0,0,1,0,20
282,0,1,0.0,16.0,9.5,0,0,1,0.0,0,0,1,0,10
283,1,1,0.0,19.0,8.05,0,0,1,0.0,0,0,1,0,10
284,0,3,0.0,46.049578020368024,26.0,0,0,1,0.0,0,0,1,0,40
285,0,1,0.0,33.0,8.6625,1,0,0,0.0,0,0,1,0,30
286,1,1,0.0,30.0,9.5,0,0,1,0.0,0,0,1,0,20
287,0,1,0.0,22.0,7.8958,0,0,1,0.0,0,0,1,0,20
288,1,2,0.0,42.0,13.0,0,0,1,0.0,0,0,1,0,40
289,1,1,1.0,22.0,7.75,0,1,0,0.0,0,1,0,0,20
290,1,3,1.0,26.0,78.85,0,0,1,1.0,0,1,0,0,20
291,1,3,1.0,19.0,91.0792,1,0,0,1.0,0,0,0,1,10
292,0,2,0.0,36.0,12.875,1,0,0,0.0,0,0,1,0,30
293,0,1,1.0,24.0,8.85,0,0,1,0.0,0,1,0,0,20
294,0,1,0.0,24.0,7.8958,0,0,1,0.0,0,0,1,0,20
295,0,3,0.0,46.049578020368024,27.7208,1,0,0,0.0,0,0,1,0,40
296,0,1,0.0,23.5,7.2292,1,0,0,0.0,0,0,1,0,20
297,0,3,1.0,2.0,151.55,0,0,1,1.0,0,1,0,0,1
298,1,3,0.0,46.049578020368024,30.5,0,0,1,0.0,0,0,1,0,40
299,1,3,1.0,50.0,247.5208,1,0,0,1.0,0,0,0,1,40
300,1,1,1.0,22.840274006657104,7.75,0,1,0,0.0,0,1,0,0,20
301,1,1,0.0,26.643349472847486,23.25,0,1,0,1.0,0,0,1,0,20
302,0,1,0.0,19.0,0.0,0,0,1,1.0,0,0,1,0,10
303,1,2,1.0,30.795878914502996,12.35,0,1,0,0.0,0,1,0,0,30
304,0,1,0.0,29.550681762601315,8.05,0,0,1,0.0,0,0,1,0,20
305,1,3,0.0,0.92,151.55,0,0,1,1.0,1,0,0,0,1
306,1,3,1.0,28.473939181365832,110.8833,1,0,0,1.0,0,1,0,0,20
307,1,3,1.0,17.0,108.9,1,0,0,1.0,0,0,0,1,10
308,0,2,0.0,30.0,24.0,1,0,0,1.0,0,0,1,0,20
309,1,3,1.0,30.0,56.9292,1,0,0,1.0,0,1,0,0,20
310,1,3,1.0,24.0,83.1583,1,0,0,1.0,0,1,0,0,20
311,1,3,1.0,18.0,262.375,1,0,0,1.0,0,1,0,0,10
312,0,2,1.0,26.0,26.0,0,0,1,1.0,0,0,0,1,20
313,0,1,0.0,28.0,7.8958,0,0,1,0.0,0,0,1,0,20
314,0,2,0.0,43.0,26.25,0,0,1,1.0,0,0,1,0,40
315,1,1,1.0,26.0,7.8542,0,0,1,0.0,0,1,0,0,20
316,1,2,1.0,24.0,26.0,0,0,1,1.0,0,0,0,1,20
317,0,2,0.0,54.0,14.0,0,0,1,0.0,0,0,1,0,50
318,1,3,1.0,31.0,164.8667,0,0,1,1.0,0,1,0,0,30
319,1,3,1.0,40.0,134.5,1,0,0,1.0,0,0,0,1,30
320,0,1,0.0,22.0,7.25,0,0,1,0.0,0,0,1,0,20
321,0,1,0.0,27.0,7.8958,0,0,1,0.0,0,0,1,0,20
322,1,2,1.0,30.0,12.35,0,1,0,0.0,0,1,0,0,20
323,1,2,1.0,22.0,29.0,0,0,1,1.0,0,0,0,1,20
324,0,1,0.0,26.643349472847486,69.55,0,0,1,1.0,0,0,1,0,20
325,1,3,1.0,36.0,135.6333,1,0,0,1.0,0,1,0,0,30
326,0,1,0.0,61.0,6.2375,0,0,1,0.0,0,0,1,0,60
327,1,2,1.0,36.0,13.0,0,0,1,0.0,0,0,0,1,30
328,1,1,1.0,31.0,20.525,0,0,1,1.0,0,0,0,1,30
329,1,3,1.0,16.0,57.9792,1,0,0,1.0,0,1,0,0,10
330,1,1,1.0,9.965444864692493,23.25,0,1,0,1.0,0,1,0,0,1
331,0,3,0.0,45.5,28.5,0,0,1,0.0,0,0,1,0,40
332,0,3,0.0,38.0,153.4625,0,0,1,1.0,0,0,1,0,30
333,0,1,0.0,16.0,18.0,0,0,1,1.0,0,0,1,0,10
334,1,3,1.0,39.916408721218616,133.65,0,0,1,1.0,0,0,0,1,30
335,0,1,0.0,29.550681762601315,7.8958,0,0,1,0.0,0,0,1,0,20
336,0,3,0.0,29.0,66.6,0,0,1,1.0,0,0,1,0,20
337,1,3,1.0,41.0,134.5,1,0,0,1.0,0,1,0,0,40
338,1,1,0.0,45.0,8.05,0,0,1,0.0,0,0,1,0,40
339,0,3,0.0,45.0,35.5,0,0,1,0.0,0,0,1,0,40
340,1,2,0.0,2.0,26.0,0,0,1,1.0,1,0,0,0,1
341,1,3,1.0,24.0,263.0,0,0,1,1.0,0,1,0,0,20
342,0,2,0.0,28.0,13.0,0,0,1,0.0,0,0,1,0,20
343,0,2,0.0,25.0,13.0,0,0,1,0.0,0,0,1,0,20
344,0,2,0.0,36.0,13.0,0,0,1,0.0,0,0,1,0,30
345,1,2,1.0,24.0,13.0,0,0,1,0.0,0,1,0,0,20
346,1,2,1.0,40.0,13.0,0,0,1,0.0,0,1,0,0,30
347,1,1,1.0,32.508197431460786,16.1,0,0,1,1.0,0,0,0,1,30
348,1,1,0.0,3.0,15.9,0,0,1,1.0,1,0,0,0,1
349,0,1,0.0,42.0,8.6625,0,0,1,0.0,0,0,1,0,40
350,0,1,0.0,23.0,9.225,0,0,1,0.0,0,0,1,0,20
351,0,3,0.0,46.049578020368024,35.0,0,0,1,0.0,0,0,1,0,40
352,0,1,0.0,15.0,7.2292,1,0,0,1.0,0,0,1,0,10
353,0,1,0.0,25.0,17.8,0,0,1,1.0,0,0,1,0,20
354,0,1,0.0,29.550681762601315,7.225,1,0,0,0.0,0,0,1,0,20
355,0,1,0.0,28.0,9.5,0,0,1,0.0,0,0,1,0,20
356,1,3,1.0,22.0,55.0,0,0,1,1.0,0,1,0,0,20
357,0,2,1.0,38.0,13.0,0,0,1,0.0,0,1,0,0,30
358,1,1,1.0,22.840274006657104,7.8792,0,1,0,0.0,0,1,0,0,20
359,1,1,1.0,22.840274006657104,7.8792,0,1,0,0.0,0,1,0,0,20
360,0,1,0.0,40.0,27.9,0,0,1,1.0,0,0,1,0,30
361,0,2,0.0,29.0,27.7208,1,0,0,1.0,0,0,1,0,20
362,0,1,1.0,45.0,14.4542,1,0,0,1.0,0,0,0,1,40
363,0,1,0.0,35.0,7.05,0,0,1,0.0,0,0,1,0,30
364,0,1,0.0,26.643349472847486,15.5,0,1,0,1.0,0,0,1,0,20
365,0,1,0.0,30.0,7.25,0,0,1,0.0,0,0,1,0,20
366,1,3,1.0,60.0,75.25,1,0,0,1.0,0,0,0,1,50
367,1,1,1.0,45.70346087599857,7.2292,1,0,0,0.0,0,0,0,1,40
368,1,1,1.0,22.840274006657104,7.75,0,1,0,0.0,0,1,0,0,20
369,1,3,1.0,24.0,69.3,1,0,0,1.0,0,1,0,0,20
370,1,3,0.0,25.0,55.4417,1,0,0,1.0,0,0,1,0,20
371,0,1,0.0,18.0,6.4958,0,0,1,1.0,0,0,1,0,10
372,0,1,0.0,19.0,8.05,0,0,1,0.0,0,0,1,0,10
373,0,3,0.0,22.0,135.6333,1,0,0,1.0,0,0,1,0,20
374,0,1,1.0,3.0,21.075,0,0,1,1.0,0,1,0,0,1
375,1,3,1.0,39.916408721218616,82.1708,1,0,0,1.0,0,0,0,1,30
376,1,1,1.0,22.0,7.25,0,0,1,0.0,0,1,0,0,20
377,0,3,0.0,27.0,211.5,1,0,0,1.0,0,0,1,0,20
378,0,1,0.0,20.0,4.0125,1,0,0,0.0,0,0,1,0,10
379,0,1,0.0,19.0,7.775,0,0,1,0.0,0,0,1,0,10
380,1,3,1.0,42.0,227.525,1,0,0,1.0,0,1,0,0,40
381,1,1,1.0,1.0,15.7417,1,0,0,1.0,0,1,0,0,1
382,0,1,0.0,32.0,7.925,0,0,1,0.0,0,0,1,0,30
383,1,3,1.0,35.0,52.0,0,0,1,1.0,0,0,0,1,30
384,0,1,0.0,29.550681762601315,7.8958,0,0,1,0.0,0,0,1,0,20
385,0,2,0.0,18.0,73.5,0,0,1,1.0,0,0,1,0,10
386,0,1,0.0,1.0,46.9,0,0,1,1.0,1,0,0,0,1
387,1,2,1.0,36.0,13.0,0,0,1,0.0,0,1,0,0,30
388,0,1,0.0,29.550681762601315,7.7292,0,1,0,0.0,0,0,1,0,20
389,1,2,1.0,17.0,12.0,1,0,0,0.0,0,1,0,0,10
390,1,3,0.0,36.0,120.0,0,0,1,1.0,0,0,1,0,30
391,1,1,0.0,21.0,7.7958,0,0,1,0.0,0,0,1,0,20
392,0,1,0.0,28.0,7.925,0,0,1,1.0,0,0,1,0,20
393,1,3,1.0,23.0,113.275,1,0,0,1.0,0,1,0,0,20
394,1,1,1.0,24.0,16.7,0,0,1,1.0,0,0,0,1,20
395,0,1,0.0,22.0,7.7958,0,0,1,0.0,0,0,1,0,20
396,0,1,1.0,31.0,7.8542,0,0,1,0.0,0,1,0,0,30
397,0,2,0.0,46.0,26.0,0,0,1,1.0,0,0,1,0,40
398,0,2,0.0,23.0,10.5,0,0,1,0.0,0,0,1,0,20
399,1,2,1.0,28.0,12.65,0,0,1,0.0,0,0,0,1,20
400,1,1,0.0,39.0,7.925,0,0,1,0.0,0,0,1,0,30
401,0,1,0.0,26.0,8.05,0,0,1,0.0,0,0,1,0,20
402,0,1,1.0,21.0,9.825,0,0,1,1.0,0,1,0,0,20
403,0,1,0.0,28.0,15.85,0,0,1,1.0,0,0,1,0,20
404,0,1,1.0,20.0,8.6625,0,0,1,0.0,0,1,0,0,10
405,0,2,0.0,34.0,21.0,0,0,1,1.0,0,0,1,0,30
406,0,1,0.0,51.0,7.75,0,0,1,0.0,0,0,1,0,50
407,1,2,0.0,3.0,18.75,0,0,1,1.0,1,0,0,0,1
408,0,1,0.0,21.0,7.775,0,0,1,0.0,0,0,1,0,20
409,0,1,1.0,9.965444864692493,25.4667,0,0,1,1.0,0,1,0,0,1
410,0,1,0.0,29.550681762601315,7.8958,0,0,1,0.0,0,0,1,0,20
411,0,1,0.0,29.550681762601315,6.8583,0,1,0,0.0,0,0,1,0,20
412,1,3,1.0,33.0,90.0,0,1,0,1.0,0,1,0,0,30
413,0,2,0.0,32.962771039555705,0.0,0,0,1,1.0,0,0,1,0,30
414,1,1,0.0,44.0,7.925,0,0,1,0.0,0,0,1,0,40
415,0,1,1.0,45.70346087599857,8.05,0,0,1,0.0,0,0,0,1,40
416,1,2,1.0,34.0,32.5,0,0,1,1.0,0,0,0,1,30
417,1,2,1.0,18.0,13.0,0,0,1,1.0,0,1,0,0,10
418,0,2,0.0,30.0,13.0,0,0,1,0.0,0,0,1,0,20
419,0,1,1.0,10.0,24.15,0,0,1,1.0,0,1,0,0,1
420,0,1,0.0,29.550681762601315,7.8958,1,0,0,0.0,0,0,1,0,20
421,0,1,0.0,21.0,7.7333,0,1,0,0.0,0,0,1,0,20
422,0,1,0.0,29.0,7.875,0,0,1,0.0,0,0,1,0,20
423,0,1,1.0,28.0,14.4,0,0,1,1.0,0,0,0,1,20
424,0,1,0.0,18.0,20.2125,0,0,1,1.0,0,0,1,0,10
425,0,1,0.0,29.550681762601315,7.25,0,0,1,0.0,0,0,1,0,20
426,1,2,1.0,28.0,26.0,0,0,1,1.0,0,0,0,1,20
427,1,2,1.0,19.0,26.0,0,0,1,1.0,0,1,0,0,10
428,0,1,0.0,29.550681762601315,7.75,0,1,0,0.0,0,0,1,0,20
429,1,1,0.0,32.0,8.05,0,0,1,0.0,0,0,1,0,30
430,1,3,0.0,28.0,26.55,0,0,1,0.0,0,0,1,0,20
431,1,1,1.0,32.508197431460786,16.1,0,0,1,1.0,0,0,0,1,30
432,1,2,1.0,42.0,26.0,0,0,1,1.0,0,0,0,1,40
433,0,1,0.0,17.0,7.125,0,0,1,0.0,0,0,1,0,10
434,0,3,0.0,50.0,55.9,0,0,1,1.0,0,0,1,0,40
435,1,3,1.0,14.0,120.0,0,0,1,1.0,0,1,0,0,10
436,0,1,1.0,21.0,34.375,0,0,1,1.0,0,1,0,0,20
437,1,2,1.0,24.0,18.75,0,0,1,1.0,0,0,0,1,20
438,0,3,0.0,64.0,263.0,0,0,1,1.0,0,0,1,0,60
439,0,2,0.0,31.0,10.5,0,0,1,0.0,0,0,1,0,30
440,1,2,1.0,45.0,26.25,0,0,1,1.0,0,0,0,1,40
441,0,1,0.0,20.0,9.5,0,0,1,0.0,0,0,1,0,10
442,0,1,0.0,25.0,7.775,0,0,1,1.0,0,0,1,0,20
443,1,2,1.0,28.0,13.0,0,0,1,0.0,0,1,0,0,20
444,1,1,0.0,29.550681762601315,8.1125,0,0,1,0.0,0,0,1,0,20
445,1,3,0.0,4.0,81.8583,0,0,1,1.0,1,0,0,0,1
446,1,2,1.0,13.0,19.5,0,0,1,1.0,0,1,0,0,10
447,1,3,0.0,34.0,26.55,0,0,1,0.0,0,0,1,0,30
448,1,1,1.0,5.0,19.2583,1,0,0,1.0,0,1,0,0,1
449,1,3,0.0,52.0,30.5,0,0,1,0.0,0,0,1,0,50
450,0,2,0.0,36.0,27.75,0,0,1,1.0,0,0,1,0,30
451,0,1,0.0,26.643349472847486,19.9667,0,0,1,1.0,0,0,1,0,20
452,0,3,0.0,30.0,27.75,1,0,0,0.0,0,0,1,0,20
453,1,3,0.0,49.0,89.1042,1,0,0,1.0,0,0,1,0,40
454,0,1,0.0,29.550681762601315,8.05,0,0,1,0.0,0,0,1,0,20
455,1,1,0.0,29.0,7.8958,1,0,0,0.0,0,0,1,0,20
456,0,3,0.0,65.0,26.55,0,0,1,0.0,0,0,1,0,60
457,1,3,1.0,39.916408721218616,51.8625,0,0,1,1.0,0,0,0,1,30
458,1,2,1.0,50.0,10.5,0,0,1,0.0,0,1,0,0,40
459,0,1,0.0,29.550681762601315,7.75,0,1,0,0.0,0,0,1,0,20
460,1,3,0.0,48.0,26.55,0,0,1,0.0,0,0,1,0,40
461,0,1,0.0,34.0,8.05,0,0,1,0.0,0,0,1,0,30
462,0,3,0.0,47.0,38.5,0,0,1,0.0,0,0,1,0,40
463,0,2,0.0,48.0,13.0,0,0,1,0.0,0,0,1,0,40
464,0,1,0.0,29.550681762601315,8.05,0,0,1,0.0,0,0,1,0,20
465,0,1,0.0,38.0,7.05,0,0,1,0.0,0,0,1,0,30
466,0,2,0.0,32.962771039555705,0.0,0,0,1,1.0,0,0,1,0,30
467,0,3,0.0,56.0,26.55,0,0,1,0.0,0,0,1,0,50
468,0,1,0.0,29.550681762601315,7.725,0,1,0,0.0,0,0,1,0,20
469,1,1,1.0,0.75,19.2583,1,0,0,1.0,0,1,0,0,1
470,0,1,0.0,29.550681762601315,7.25,0,0,1,0.0,0,0,1,0,20
471,0,1,0.0,38.0,8.6625,0,0,1,0.0,0,0,1,0,30
472,1,2,1.0,33.0,27.75,0,0,1,1.0,0,0,0,1,30
473,1,2,1.0,23.0,13.7917,1,0,0,0.0,0,0,0,1,20
474,0,1,1.0,22.0,9.8375,0,0,1,0.0,0,1,0,0,20
475,0,3,0.0,38.77262287223944,52.0,0,0,1,1.0,0,0,1,0,30
476,0,2,0.0,34.0,21.0,0,0,1,1.0,0,0,1,0,30
477,0,1,0.0,29.0,7.0458,0,0,1,1.0,0,0,1,0,20
478,0,1,0.0,22.0,7.5208,0,0,1,0.0,0,0,1,0,20
479,1,1,1.0,2.0,12.2875,0,0,1,1.0,0,1,0,0,1
480,0,1,0.0,9.0,46.9,0,0,1,1.0,1,0,0,0,1
481,0,2,0.0,34.20910602740714,0.0,0,0,1,0.0,0,0,1,0,30
482,0,1,0.0,50.0,8.05,0,0,1,0.0,0,0,1,0,40
483,1,1,1.0,63.0,9.5875,0,0,1,0.0,0,0,0,1,60
484,1,3,0.0,25.0,91.0792,1,0,0,1.0,0,0,1,0,20
485,0,1,1.0,9.965444864692493,25.4667,0,0,1,1.0,0,1,0,0,1
486,1,3,1.0,35.0,90.0,0,0,1,1.0,0,0,0,1,30
487,0,3,0.0,58.0,29.7,1,0,0,0.0,0,0,1,0,50
488,0,1,0.0,30.0,8.05,0,0,1,0.0,0,0,1,0,20
489,1,1,0.0,9.0,15.9,0,0,1,1.0,1,0,0,0,1
490,0,1,0.0,26.643349472847486,19.9667,0,0,1,1.0,0,0,1,0,20
491,0,1,0.0,21.0,7.25,0,0,1,0.0,0,0,1,0,20
492,0,3,0.0,55.0,30.5,0,0,1,0.0,0,0,1,0,50
493,0,3,0.0,71.0,49.5042,1,0,0,0.0,0,0,1,0,70
494,0,1,0.0,21.0,8.05,0,0,1,0.0,0,0,1,0,20
495,0,1,0.0,26.643349472847486,14.4583,1,0,0,1.0,0,0,1,0,20
496,1,3,1.0,54.0,78.2667,1,0,0,1.0,0,1,0,0,50
497,0,1,0.0,29.550681762601315,15.1,0,0,1,0.0,0,0,1,0,20
498,0,3,1.0,25.0,151.55,0,0,1,1.0,0,0,0,1,20
499,0,1,0.0,24.0,7.7958,0,0,1,0.0,0,0,1,0,20
500,0,1,0.0,17.0,8.6625,0,0,1,0.0,0,0,1,0,10
501,0,1,1.0,21.0,7.75,0,1,0,0.0,0,1,0,0,20
502,0,1,1.0,22.840274006657104,7.6292,0,1,0,0.0,0,1,0,0,20
503,0,1,1.0,37.0,9.5875,0,0,1,0.0,0,1,0,0,30
504,1,3,1.0,16.0,86.5,0,0,1,1.0,0,1,0,0,10
505,0,3,0.0,18.0,108.9,1,0,0,1.0,0,0,1,0,10
506,1,2,1.0,33.0,26.0,0,0,1,1.0,0,0,0,1,30
507,1,3,0.0,46.049578020368024,26.55,0,0,1,0.0,0,0,1,0,40
508,0,1,0.0,28.0,22.525,0,0,1,0.0,0,0,1,0,20
509,1,1,0.0,26.0,56.4958,0,0,1,1.0,0,0,1,0,20
510,1,1,0.0,29.0,7.75,0,1,0,0.0,0,0,1,0,20
511,0,1,0.0,29.550681762601315,8.05,0,0,1,0.0,0,0,1,0,20
512,1,3,0.0,36.0,26.2875,0,0,1,0.0,0,0,1,0,30
513,1,3,1.0,54.0,59.4,1,0,0,1.0,0,0,0,1,50
514,0,1,0.0,24.0,7.4958,0,0,1,0.0,0,0,1,0,20
515,0,3,0.0,47.0,34.0208,0,0,1,0.0,0,0,1,0,40
516,1,2,1.0,34.0,10.5,0,0,1,0.0,0,0,0,1,30
517,0,1,0.0,26.643349472847486,24.15,0,1,0,1.0,0,0,1,0,20
518,1,2,1.0,36.0,26.0,0,0,1,1.0,0,0,0,1,30
519,0,1,0.0,32.0,7.8958,0,0,1,0.0,0,0,1,0,30
520,1,3,1.0,30.0,93.5,0,0,1,1.0,0,1,0,0,20
521,0,1,0.0,22.0,7.8958,0,0,1,0.0,0,0,1,0,20
522,0,1,0.0,29.550681762601315,7.225,1,0,0,0.0,0,0,1,0,20
523,1,3,1.0,44.0,57.9792,1,0,0,1.0,0,0,0,1,40
524,0,1,0.0,29.550681762601315,7.2292,1,0,0,0.0,0,0,1,0,20
525,0,1,0.0,40.5,7.75,0,1,0,0.0,0,0,1,0,40
526,1,2,1.0,50.0,10.5,0,0,1,0.0,0,1,0,0,40
527,0,3,0.0,46.049578020368024,221.7792,0,0,1,0.0,0,0,1,0,40
528,0,1,0.0,39.0,7.925,0,0,1,0.0,0,0,1,0,30
529,0,2,0.0,23.0,11.5,0,0,1,1.0,0,0,1,0,20
530,1,2,1.0,2.0,26.0,0,0,1,1.0,0,1,0,0,1
531,0,1,0.0,29.550681762601315,7.2292,1,0,0,0.0,0,0,1,0,20
532,0,1,0.0,17.0,7.2292,1,0,0,1.0,0,0,1,0,10
533,1,1,1.0,32.508197431460786,22.3583,1,0,0,1.0,0,0,0,1,30
534,0,1,1.0,30.0,8.6625,0,0,1,0.0,0,1,0,0,20
535,1,2,1.0,7.0,26.25,0,0,1,1.0,0,1,0,0,1
536,0,3,0.0,45.0,26.55,0,0,1,0.0,0,0,1,0,40
537,1,3,1.0,30.0,106.425,1,0,0,1.0,0,1,0,0,20
538,0,1,0.0,29.550681762601315,14.5,0,0,1,0.0,0,0,1,0,20
539,1,3,1.0,22.0,49.5,1,0,0,1.0,0,1,0,0,20
540,1,3,1.0,36.0,71.0,0,0,1,1.0,0,1,0,0,30
541,0,1,1.0,9.0,31.275,0,0,1,1.0,0,1,0,0,1
542,0,1,1.0,11.0,31.275,0,0,1,1.0,0,1,0,0,10
543,1,2,0.0,32.0,26.0,0,0,1,1.0,0,0,1,0,30
544,0,3,0.0,50.0,106.425,1,0,0,1.0,0,0,1,0,40
545,0,3,0.0,64.0,26.0,0,0,1,0.0,0,0,1,0,60
546,1,2,1.0,19.0,26.0,0,0,1,1.0,0,0,0,1,10
547,1,2,0.0,34.20910602740714,13.8625,1,0,0,0.0,0,0,1,0,30
548,0,1,0.0,33.0,20.525,0,0,1,1.0,0,0,1,0,30
549,1,2,0.0,8.0,36.75,0,0,1,1.0,1,0,0,0,1
550,1,3,0.0,17.0,110.8833,1,0,0,1.0,0,0,1,0,10
551,0,2,0.0,27.0,26.0,0,0,1,0.0,0,0,1,0,20
552,0,1,0.0,29.550681762601315,7.8292,0,1,0,0.0,0,0,1,0,20
553,1,1,0.0,22.0,7.225,1,0,0,0.0,0,0,1,0,20
554,1,1,1.0,22.0,7.775,0,0,1,0.0,0,1,0,0,20
555,0,3,0.0,62.0,26.55,0,0,1,0.0,0,0,1,0,60
556,1,3,1.0,48.0,39.6,1,0,0,1.0,0,0,0,1,40
557,0,3,0.0,38.77262287223944,227.525,1,0,0,1.0,0,0,1,0,30
558,1,3,1.0,39.0,79.65,0,0,1,1.0,0,0,0,1,30
559,1,1,1.0,36.0,17.4,0,0,1,1.0,0,0,0,1,30
560,0,1,0.0,29.550681762601315,7.75,0,1,0,0.0,0,0,1,0,20
561,0,1,0.0,40.0,7.8958,0,0,1,0.0,0,0,1,0,30
562,0,2,0.0,28.0,13.5,0,0,1,0.0,0,0,1,0,20
563,0,1,0.0,29.550681762601315,8.05,0,0,1,0.0,0,0,1,0,20
564,0,1,1.0,22.840274006657104,8.05,0,0,1,0.0,0,1,0,0,20
565,0,1,0.0,24.0,24.15,0,0,1,1.0,0,0,1,0,20
566,0,1,0.0,19.0,7.8958,0,0,1,0.0,0,0,1,0,10
567,0,1,1.0,29.0,21.075,0,0,1,1.0,0,0,0,1,20
568,0,1,0.0,29.550681762601315,7.2292,1,0,0,0.0,0,0,1,0,20
569,1,1,0.0,32.0,7.8542,0,0,1,0.0,0,0,1,0,30
570,1,2,0.0,62.0,10.5,0,0,1,0.0,0,0,1,0,60
571,1,3,1.0,53.0,51.4792,0,0,1,1.0,0,0,0,1,50
572,1,3,0.0,36.0,26.3875,0,0,1,0.0,0,0,1,0,30
573,1,1,1.0,22.840274006657104,7.75,0,1,0,0.0,0,1,0,0,20
574,0,1,0.0,16.0,8.05,0,0,1,0.0,0,0,1,0,10
575,0,1,0.0,19.0,14.5,0,0,1,1.0,0,0,1,0,10
576,1,2,1.0,34.0,13.0,0,0,1,0.0,0,1,0,0,30
577,1,3,1.0,39.0,55.9,0,0,1,1.0,0,0,0,1,30
578,0,1,1.0,32.508197431460786,14.4583,1,0,0,1.0,0,0,0,1,30
579,1,1,0.0,32.0,7.925,0,0,1,0.0,0,0,1,0,30
580,1,2,1.0,25.0,30.0,0,0,1,1.0,0,1,0,0,20
581,1,3,1.0,39.0,110.8833,1,0,0,1.0,0,0,0,1,30
582,0,2,0.0,54.0,26.0,0,0,1,1.0,0,0,1,0,50
583,0,3,0.0,36.0,40.125,1,0,0,0.0,0,0,1,0,30
584,0,1,0.0,29.550681762601315,8.7125,1,0,0,0.0,0,0,1,0,20
585,1,3,1.0,18.0,79.65,0,0,1,1.0,0,1,0,0,10
586,0,2,0.0,47.0,15.0,0,0,1,0.0,0,0,1,0,40
587,1,3,0.0,60.0,79.2,1,0,0,1.0,0,0,1,0,50
588,0,1,0.0,22.0,8.05,0,0,1,0.0,0,0,1,0,20
589,0,1,0.0,29.550681762601315,8.05,0,0,1,0.0,0,0,1,0,20
590,0,1,0.0,35.0,7.125,0,0,1,0.0,0,0,1,0,30
591,1,3,1.0,52.0,78.2667,1,0,0,1.0,0,0,0,1,50
592,0,1,0.0,47.0,7.25,0,0,1,0.0,0,0,1,0,40
593,0,1,1.0,9.965444864692493,7.75,0,1,0,1.0,0,1,0,0,1
594,0,2,0.0,37.0,26.0,0,0,1,1.0,0,0,1,0,30
595,0,1,0.0,36.0,24.15,0,0,1,1.0,0,0,1,0,30
596,1,2,1.0,12.309981139336974,33.0,0,0,1,1.0,0,1,0,0,10
597,0,1,0.0,49.0,0.0,0,0,1,1.0,0,0,1,0,40
598,0,1,0.0,29.550681762601315,7.225,1,0,0,0.0,0,0,1,0,20
599,1,3,0.0,49.0,56.9292,1,0,0,1.0,0,0,1,0,40
600,1,2,1.0,24.0,27.0,0,0,1,1.0,0,0,0,1,20
601,0,1,0.0,29.550681762601315,7.8958,0,0,1,0.0,0,0,1,0,20
602,0,3,0.0,46.049578020368024,42.4,0,0,1,0.0,0,0,1,0,40
603,0,1,0.0,44.0,8.05,0,0,1,0.0,0,0,1,0,40
604,1,3,0.0,35.0,26.55,1,0,0,0.0,0,0,1,0,30
605,0,1,0.0,36.0,15.55,0,0,1,1.0,0,0,1,0,30
606,0,1,0.0,30.0,7.8958,0,0,1,0.0,0,0,1,0,20
607,1,3,0.0,27.0,30.5,0,0,1,0.0,0,0,1,0,20
608,1,2,1.0,22.0,41.5792,1,0,0,1.0,0,0,0,1,20
609,1,3,1.0,40.0,153.4625,0,0,1,1.0,0,1,0,0,30
610,0,1,1.0,39.0,31.275,0,0,1,1.0,0,0,0,1,30
611,0,1,0.0,29.550681762601315,7.05,0,0,1,0.0,0,0,1,0,20
612,1,1,1.0,9.965444864692493,15.5,0,1,0,1.0,0,1,0,0,1
613,0,1,0.0,29.550681762601315,7.75,0,1,0,0.0,0,0,1,0,20
614,0,1,0.0,35.0,8.05,0,0,1,0.0,0,0,1,0,30
615,1,2,1.0,24.0,65.0,0,0,1,1.0,0,1,0,0,20
616,0,1,0.0,34.0,14.4,0,0,1,1.0,0,0,1,0,30
617,0,1,1.0,26.0,16.1,0,0,1,1.0,0,0,0,1,20
618,1,2,1.0,4.0,39.0,0,0,1,1.0,0,1,0,0,1
619,0,2,0.0,26.0,10.5,0,0,1,0.0,0,0,1,0,20
620,0,1,0.0,27.0,14.4542,1,0,0,1.0,0,0,1,0,20
621,1,3,0.0,42.0,52.5542,0,0,1,1.0,0,0,1,0,40
622,1,1,0.0,20.0,15.7417,1,0,0,1.0,0,0,1,0,10
623,0,1,0.0,21.0,7.8542,0,0,1,0.0,0,0,1,0,20
624,0,1,0.0,21.0,16.1,0,0,1,1.0,0,0,1,0,20
625,0,3,0.0,61.0,32.3208,0,0,1,0.0,0,0,1,0,60
626,0,2,0.0,57.0,12.35,0,1,0,0.0,0,0,1,0,50
627,1,3,1.0,21.0,77.9583,0,0,1,1.0,0,1,0,0,20
628,0,1,0.0,26.0,7.8958,0,0,1,0.0,0,0,1,0,20
629,0,1,0.0,29.550681762601315,7.7333,0,1,0,0.0,0,0,1,0,20
630,1,3,0.0,80.0,30.0,0,0,1,0.0,0,0,1,0,70
631,0,1,0.0,51.0,7.0542,0,0,1,0.0,0,0,1,0,50
632,1,3,0.0,32.0,30.5,1,0,0,0.0,0,0,1,0,30
633,0,3,0.0,46.049578020368024,0.0,0,0,1,0.0,0,0,1,0,40
634,0,1,1.0,9.0,27.9,0,0,1,1.0,0,1,0,0,1
635,1,2,1.0,28.0,13.0,0,0,1,0.0,0,1,0,0,20
636,0,1,0.0,32.0,7.925,0,0,1,0.0,0,0,1,0,30
637,0,2,0.0,31.0,26.25,0,0,1,1.0,0,0,1,0,30
638,0,1,1.0,41.0,39.6875,0,0,1,1.0,0,0,0,1,40
639,0,1,0.0,26.643349472847486,16.1,0,0,1,1.0,0,0,1,0,20
640,0,1,0.0,20.0,7.8542,0,0,1,0.0,0,0,1,0,10
641,1,3,1.0,24.0,69.3,1,0,0,1.0,0,1,0,0,20
642,0,1,1.0,2.0,27.9,0,0,1,1.0,0,1,0,0,1
643,1,1,0.0,26.643349472847486,56.4958,0,0,1,1.0,0,0,1,0,20
644,1,1,1.0,0.75,19.2583,1,0,0,1.0,0,1,0,0,1
645,1,3,0.0,48.0,76.7292,1,0,0,1.0,0,0,1,0,40
646,0,1,0.0,19.0,7.8958,0,0,1,0.0,0,0,1,0,10
647,1,3,0.0,56.0,35.5,1,0,0,0.0,0,0,1,0,50
648,0,1,0.0,29.550681762601315,7.55,0,0,1,0.0,0,0,1,0,20
649,1,1,1.0,23.0,7.55,0,0,1,0.0,0,1,0,0,20
650,0,1,0.0,29.550681762601315,7.8958,0,0,1,0.0,0,0,1,0,20
651,1,2,1.0,18.0,23.0,0,0,1,1.0,0,1,0,0,10
652,0,1,0.0,21.0,8.4333,0,0,1,0.0,0,0,1,0,20
653,1,1,1.0,22.840274006657104,7.8292,0,1,0,0.0,0,1,0,0,20
654,0,1,1.0,18.0,6.75,0,1,0,0.0,0,1,0,0,10
655,0,2,0.0,24.0,73.5,0,0,1,1.0,0,0,1,0,20
656,0,1,0.0,29.550681762601315,7.8958,0,0,1,0.0,0,0,1,0,20
657,0,1,1.0,32.0,15.5,0,1,0,1.0,0,0,0,1,30
658,0,2,0.0,23.0,13.0,0,0,1,0.0,0,0,1,0,20
659,0,3,0.0,58.0,113.275,1,0,0,1.0,0,0,1,0,50
660,1,3,0.0,50.0,133.65,0,0,1,1.0,0,0,1,0,40
661,0,1,0.0,40.0,7.225,1,0,0,0.0,0,0,1,0,30
662,0,3,0.0,47.0,25.5875,0,0,1,0.0,0,0,1,0,40
663,0,1,0.0,36.0,7.4958,0,0,1,0.0,0,0,1,0,30
664,1,1,0.0,20.0,7.925,0,0,1,1.0,0,0,1,0,10
665,0,2,0.0,32.0,73.5,0,0,1,1.0,0,0,1,0,30
666,0,2,0.0,25.0,13.0,0,0,1,0.0,0,0,1,0,20
667,0,1,0.0,29.550681762601315,7.775,0,0,1,0.0,0,0,1,0,20
668,0,1,0.0,43.0,8.05,0,0,1,0.0,0,0,1,0,40
669,1,3,1.0,39.916408721218616,52.0,0,0,1,1.0,0,0,0,1,30
670,1,2,1.0,40.0,39.0,0,0,1,1.0,0,0,0,1,30
671,0,3,0.0,31.0,52.0,0,0,1,1.0,0,0,1,0,30
672,0,2,0.0,70.0,10.5,0,0,1,0.0,0,0,1,0,60
673,1,2,0.0,31.0,13.0,0,0,1,0.0,0,0,1,0,30
674,0,2,0.0,34.20910602740714,0.0,0,0,1,0.0,0,0,1,0,30
675,0,1,0.0,18.0,7.775,0,0,1,0.0,0,0,1,0,10
676,0,1,0.0,24.5,8.05,0,0,1,0.0,0,0,1,0,20
677,1,1,1.0,18.0,9.8417,0,0,1,0.0,0,1,0,0,10
678,0,1,1.0,43.0,46.9,0,0,1,1.0,0,0,0,1,40
680,0,1,1.0,22.840274006657104,8.1375,0,1,0,0.0,0,1,0,0,20
681,1,3,0.0,27.0,76.7292,1,0,0,1.0,0,0,1,0,20
682,0,1,0.0,20.0,9.225,0,0,1,0.0,0,0,1,0,10
683,0,1,0.0,14.0,46.9,0,0,1,1.0,0,0,1,0,10
684,0,2,0.0,60.0,39.0,0,0,1,1.0,0,0,1,0,50
685,0,2,0.0,25.0,41.5792,1,0,0,1.0,0,0,1,0,20
686,0,1,0.0,14.0,39.6875,0,0,1,1.0,0,0,1,0,10
687,0,1,0.0,19.0,10.1708,0,0,1,0.0,0,0,1,0,10
688,0,1,0.0,18.0,7.7958,0,0,1,0.0,0,0,1,0,10
689,1,3,1.0,15.0,211.3375,0,0,1,1.0,0,1,0,0,10
690,1,3,0.0,31.0,57.0,0,0,1,1.0,0,0,1,0,30
691,1,1,1.0,4.0,13.4167,1,0,0,1.0,0,1,0,0,1
692,1,1,0.0,26.643349472847486,56.4958,0,0,1,1.0,0,0,1,0,20
693,0,1,0.0,25.0,7.225,1,0,0,0.0,0,0,1,0,20
694,0,3,0.0,60.0,26.55,0,0,1,0.0,0,0,1,0,50
695,0,2,0.0,52.0,13.5,0,0,1,0.0,0,0,1,0,50
696,0,1,0.0,44.0,8.05,0,0,1,0.0,0,0,1,0,40
697,1,1,1.0,22.840274006657104,7.7333,0,1,0,0.0,0,1,0,0,20
698,0,3,0.0,49.0,110.8833,1,0,0,1.0,0,0,1,0,40
699,0,1,0.0,42.0,7.65,0,0,1,0.0,0,0,1,0,40
700,1,3,1.0,18.0,227.525,1,0,0,1.0,0,0,0,1,10
701,1,3,0.0,35.0,26.2875,0,0,1,0.0,0,0,1,0,30
702,0,1,1.0,18.0,14.4542,1,0,0,1.0,0,1,0,0,10
703,0,1,0.0,25.0,7.7417,0,1,0,0.0,0,0,1,0,20
704,0,1,0.0,26.0,7.8542,0,0,1,1.0,0,0,1,0,20
705,0,2,0.0,39.0,26.0,0,0,1,1.0,0,0,1,0,30
706,1,2,1.0,45.0,13.5,0,0,1,0.0,0,0,0,1,40
707,1,3,0.0,42.0,26.2875,0,0,1,0.0,0,0,1,0,40
708,1,3,1.0,22.0,151.55,0,0,1,1.0,0,1,0,0,20
709,1,1,0.0,5.310913898963,15.2458,1,0,0,1.0,1,0,0,0,1
710,1,3,1.0,24.0,49.5042,1,0,0,0.0,0,1,0,0,20
711,0,3,0.0,46.049578020368024,26.55,0,0,1,0.0,0,0,1,0,40
712,1,3,0.0,48.0,52.0,0,0,1,1.0,0,0,1,0,40
713,0,1,0.0,29.0,9.4833,0,0,1,0.0,0,0,1,0,20
714,0,2,0.0,52.0,13.0,0,0,1,1.0,0,0,1,0,50
715,0,1,0.0,19.0,7.65,0,0,1,0.0,0,0,1,0,10
716,1,3,1.0,38.0,227.525,1,0,0,1.0,0,1,0,0,30
717,1,2,1.0,27.0,10.5,0,0,1,0.0,0,1,0,0,20
718,0,1,0.0,29.550681762601315,15.5,0,1,0,0.0,0,0,1,0,20
719,0,1,0.0,33.0,7.775,0,0,1,0.0,0,0,1,0,30
720,1,2,1.0,6.0,33.0,0,0,1,1.0,0,1,0,0,1
721,0,1,0.0,17.0,7.0542,0,0,1,1.0,0,0,1,0,10
722,0,2,0.0,34.0,13.0,0,0,1,0.0,0,0,1,0,30
723,0,2,0.0,50.0,13.0,0,0,1,0.0,0,0,1,0,40
724,1,3,0.0,27.0,53.1,0,0,1,1.0,0,0,1,0,20
725,0,1,0.0,20.0,8.6625,0,0,1,0.0,0,0,1,0,10
726,1,2,1.0,30.0,21.0,0,0,1,1.0,0,0,0,1,20
727,1,1,1.0,22.840274006657104,7.7375,0,1,0,0.0,0,1,0,0,20
728,0,2,0.0,25.0,26.0,0,0,1,1.0,0,0,1,0,20
729,0,1,1.0,25.0,7.925,0,0,1,1.0,0,1,0,0,20
730,1,3,1.0,29.0,211.3375,0,0,1,1.0,0,1,0,0,20
731,0,1,0.0,11.0,18.7875,1,0,0,1.0,0,0,1,0,10
732,0,2,0.0,34.20910602740714,0.0,0,0,1,0.0,0,0,1,0,30
733,0,2,0.0,23.0,13.0,0,0,1,0.0,0,0,1,0,20
734,0,2,0.0,23.0,13.0,0,0,1,0.0,0,0,1,0,20
735,0,1,0.0,28.5,16.1,0,0,1,1.0,0,0,1,0,20
736,0,1,1.0,48.0,34.375,0,0,1,1.0,0,0,0,1,40
738,0,1,0.0,29.550681762601315,7.8958,0,0,1,0.0,0,0,1,0,20
739,0,1,0.0,29.550681762601315,7.8958,0,0,1,0.0,0,0,1,0,20
740,1,3,0.0,46.049578020368024,30.0,0,0,1,0.0,0,0,1,0,40
741,0,3,0.0,36.0,78.85,0,0,1,1.0,0,0,1,0,30
742,1,3,1.0,21.0,262.375,1,0,0,1.0,0,1,0,0,20
743,0,1,0.0,24.0,16.1,0,0,1,1.0,0,0,1,0,20
744,1,1,0.0,31.0,7.925,0,0,1,0.0,0,0,1,0,30
745,0,3,0.0,70.0,71.0,0,0,1,1.0,0,0,1,0,60
746,0,1,0.0,16.0,20.25,0,0,1,1.0,0,0,1,0,10
747,1,2,1.0,30.0,13.0,0,0,1,0.0,0,1,0,0,20
748,0,3,0.0,19.0,53.1,0,0,1,1.0,0,0,1,0,10
749,0,1,0.0,31.0,7.75,0,1,0,0.0,0,0,1,0,30
750,1,2,1.0,4.0,23.0,0,0,1,1.0,0,1,0,0,1
751,1,1,0.0,6.0,12.475,0,0,1,1.0,1,0,0,0,1
752,0,1,0.0,33.0,9.5,0,0,1,0.0,0,0,1,0,30
753,0,1,0.0,23.0,7.8958,0,0,1,0.0,0,0,1,0,20
754,1,2,1.0,48.0,65.0,0,0,1,1.0,0,0,0,1,40
755,1,2,0.0,0.67,14.5,0,0,1,1.0,1,0,0,0,1
756,0,1,0.0,28.0,7.7958,0,0,1,0.0,0,0,1,0,20
757,0,2,0.0,18.0,11.5,0,0,1,0.0,0,0,1,0,10
758,0,1,0.0,34.0,8.05,0,0,1,0.0,0,0,1,0,30
759,1,3,1.0,33.0,86.5,0,0,1,1.0,0,0,0,1,30
760,0,1,0.0,26.643349472847486,14.5,0,0,1,1.0,0,0,1,0,20
761,0,1,0.0,41.0,7.125,0,0,1,0.0,0,0,1,0,40
762,1,1,0.0,20.0,7.2292,1,0,0,0.0,0,0,1,0,10
763,1,3,1.0,36.0,120.0,0,0,1,1.0,0,0,0,1,30
764,0,1,0.0,16.0,7.775,0,0,1,0.0,0,0,1,0,10
765,1,3,1.0,51.0,77.9583,0,0,1,1.0,0,0,0,1,50
766,0,3,0.0,46.049578020368024,39.6,1,0,0,0.0,0,0,1,0,40
767,0,1,1.0,30.5,7.75,0,1,0,0.0,0,1,0,0,30
768,0,1,0.0,26.643349472847486,24.15,0,1,0,1.0,0,0,1,0,20
769,0,1,0.0,32.0,8.3625,0,0,1,0.0,0,0,1,0,30
770,0,1,0.0,24.0,9.5,0,0,1,0.0,0,0,1,0,20
771,0,1,0.0,48.0,7.8542,0,0,1,0.0,0,0,1,0,40
772,0,2,1.0,57.0,10.5,0,0,1,1.0,0,0,0,1,50
773,0,1,0.0,29.550681762601315,7.225,1,0,0,0.0,0,0,1,0,20
774,1,2,1.0,54.0,23.0,0,0,1,1.0,0,0,0,1,50
775,0,1,0.0,18.0,7.75,0,0,1,0.0,0,0,1,0,10
776,0,1,0.0,29.550681762601315,7.75,0,1,0,0.0,0,0,1,0,20
777,1,1,1.0,5.0,12.475,0,0,1,1.0,0,1,0,0,1
778,0,1,0.0,29.550681762601315,7.7375,0,1,0,0.0,0,0,1,0,20
779,1,3,1.0,43.0,211.3375,0,0,1,1.0,0,0,0,1,40
780,1,1,1.0,13.0,7.2292,1,0,0,0.0,0,1,0,0,10
781,1,3,1.0,17.0,57.0,0,0,1,1.0,0,0,0,1,10
782,0,3,0.0,29.0,30.0,0,0,1,0.0,0,0,1,0,20
783,0,1,0.0,26.643349472847486,23.45,0,0,1,1.0,0,0,1,0,20
784,0,1,0.0,25.0,7.05,0,0,1,0.0,0,0,1,0,20
785,0,1,0.0,25.0,7.25,0,0,1,0.0,0,0,1,0,20
786,1,1,1.0,18.0,7.4958,0,0,1,0.0,0,1,0,0,10
787,0,1,0.0,8.0,29.125,0,1,0,1.0,1,0,0,0,1
788,1,1,0.0,1.0,20.575,0,0,1,1.0,1,0,0,0,1
789,0,3,0.0,46.0,79.2,1,0,0,1.0,0,0,1,0,40
790,0,1,0.0,29.550681762601315,7.75,0,1,0,0.0,0,0,1,0,20
791,0,2,0.0,16.0,26.0,0,0,1,1.0,0,0,1,0,10
792,0,1,1.0,9.965444864692493,69.55,0,0,1,1.0,0,1,0,0,1
793,0,3,0.0,46.049578020368024,30.6958,1,0,0,0.0,0,0,1,0,40
794,0,1,0.0,25.0,7.8958,0,0,1,0.0,0,0,1,0,20
795,0,2,0.0,39.0,13.0,0,0,1,0.0,0,0,1,0,30
796,1,3,1.0,49.0,25.9292,0,0,1,0.0,0,0,1,0,40
797,1,1,1.0,31.0,8.6833,0,0,1,0.0,0,0,0,1,30
798,0,1,0.0,30.0,7.2292,1,0,0,0.0,0,0,1,0,20
799,0,1,1.0,30.0,24.15,0,0,1,1.0,0,0,0,1,20
800,0,2,0.0,34.0,13.0,0,0,1,1.0,0,0,1,0,30
801,1,2,1.0,31.0,26.25,0,0,1,1.0,0,0,0,1,30
802,1,3,0.0,11.0,120.0,0,0,1,1.0,1,0,0,0,10
803,1,1,0.0,0.42,8.5167,1,0,0,1.0,1,0,0,0,1
804,1,1,0.0,27.0,6.975,0,0,1,0.0,0,0,1,0,20
805,0,1,0.0,31.0,7.775,0,0,1,0.0,0,0,1,0,30
806,0,3,0.0,39.0,0.0,0,0,1,0.0,0,0,1,0,30
807,0,1,1.0,18.0,7.775,0,0,1,0.0,0,1,0,0,10
808,0,2,0.0,39.0,13.0,0,0,1,0.0,0,0,1,0,30
809,1,3,1.0,33.0,53.1,0,0,1,1.0,0,0,0,1,30
810,0,1,0.0,26.0,7.8875,0,0,1,0.0,0,0,1,0,20
811,0,1,0.0,39.0,24.15,0,0,1,1.0,0,0,1,0,30
812,0,2,0.0,35.0,10.5,0,0,1,0.0,0,0,1,0,30
813,0,1,1.0,6.0,31.275,0,0,1,1.0,0,1,0,0,1
814,0,1,0.0,30.5,8.05,0,0,1,0.0,0,0,1,0,30
815,0,3,0.0,46.049578020368024,0.0,0,0,1,0.0,0,0,1,0,40
816,0,1,1.0,23.0,7.925,0,0,1,0.0,0,1,0,0,20
817,0,2,0.0,31.0,37.0042,1,0,0,1.0,0,0,1,0,30
818,0,1,0.0,43.0,6.45,0,0,1,0.0,0,0,1,0,40
819,0,1,0.0,10.0,27.9,0,0,1,1.0,1,0,0,0,1
820,1,3,1.0,52.0,93.5,0,0,1,1.0,0,0,0,1,50
821,1,1,0.0,27.0,8.6625,0,0,1,0.0,0,0,1,0,20
822,0,3,0.0,38.0,0.0,0,0,1,0.0,0,0,1,0,30
823,1,1,1.0,27.0,12.475,0,0,1,1.0,0,0,0,1,20
824,0,1,0.0,2.0,39.6875,0,0,1,1.0,1,0,0,0,1
825,0,1,0.0,29.550681762601315,6.95,0,1,0,0.0,0,0,1,0,20
826,0,1,0.0,26.643349472847486,56.4958,0,0,1,1.0,0,0,1,0,20
827,1,2,0.0,1.0,37.0042,1,0,0,1.0,1,0,0,0,1
828,1,1,0.0,29.550681762601315,7.75,0,1,0,0.0,0,0,1,0,20
830,1,1,1.0,15.0,14.4542,1,0,0,1.0,0,0,0,1,10
831,1,2,0.0,0.83,18.75,0,0,1,1.0,1,0,0,0,1
832,0,1,0.0,29.550681762601315,7.2292,1,0,0,0.0,0,0,1,0,20
833,0,1,0.0,23.0,7.8542,0,0,1,0.0,0,0,1,0,20
834,0,1,0.0,18.0,8.3,0,0,1,0.0,0,0,1,0,10
835,1,3,1.0,39.0,83.1583,1,0,0,1.0,0,1,0,0,30
836,0,1,0.0,21.0,8.6625,0,0,1,0.0,0,0,1,0,20
837,0,1,0.0,29.550681762601315,8.05,0,0,1,0.0,0,0,1,0,20
838,1,1,0.0,32.0,56.4958,0,0,1,1.0,0,0,1,0,30
839,1,3,0.0,46.049578020368024,29.7,1,0,0,0.0,0,0,1,0,40
840,0,1,0.0,20.0,7.925,0,0,1,0.0,0,0,1,0,10
841,0,2,0.0,16.0,10.5,0,0,1,1.0,0,0,1,0,10
842,1,3,1.0,30.0,31.0,1,0,0,1.0,0,1,0,0,20
843,0,1,0.0,34.5,6.4375,1,0,0,0.0,0,0,1,0,30
844,0,1,0.0,17.0,8.6625,0,0,1,0.0,0,0,1,0,10
845,0,1,0.0,42.0,7.55,0,0,1,0.0,0,0,1,0,40
846,0,1,0.0,26.643349472847486,69.55,0,0,1,1.0,0,0,1,0,20
847,0,1,0.0,35.0,7.8958,1,0,0,0.0,0,0,1,0,30
848,0,2,0.0,28.0,33.0,0,0,1,1.0,0,0,1,0,20
849,1,3,1.0,39.916408721218616,89.1042,1,0,0,1.0,0,0,0,1,30
850,0,1,0.0,4.0,31.275,0,0,1,1.0,1,0,0,0,1
851,0,1,0.0,74.0,7.775,0,0,1,0.0,0,0,1,0,70
852,0,1,1.0,9.0,15.2458,1,0,0,1.0,0,1,0,0,1
853,1,3,1.0,16.0,39.4,0,0,1,1.0,0,1,0,0,10
854,0,2,1.0,44.0,26.0,0,0,1,1.0,0,0,0,1,40
855,1,1,1.0,18.0,9.35,0,0,1,1.0,0,0,0,1,10
856,1,3,1.0,45.0,164.8667,0,0,1,1.0,0,0,0,1,40
857,1,3,0.0,51.0,26.55,0,0,1,0.0,0,0,1,0,50
858,1,1,1.0,24.0,19.2583,1,0,0,1.0,0,0,0,1,20
859,0,1,0.0,29.550681762601315,7.2292,1,0,0,0.0,0,0,1,0,20
860,0,1,0.0,41.0,14.1083,0,0,1,1.0,0,0,1,0,40
861,0,2,0.0,21.0,11.5,0,0,1,1.0,0,0,1,0,20
862,1,3,1.0,48.0,25.9292,0,0,1,0.0,0,0,0,1,40
863,0,1,1.0,9.965444864692493,69.55,0,0,1,1.0,0,1,0,0,1
864,0,2,0.0,24.0,13.0,0,0,1,0.0,0,0,1,0,20
865,1,2,1.0,42.0,13.0,0,0,1,0.0,0,0,0,1,40
866,1,2,1.0,27.0,13.8583,1,0,0,1.0,0,1,0,0,20
867,0,3,0.0,31.0,50.4958,0,0,1,0.0,0,0,1,0,30
868,0,1,0.0,29.550681762601315,9.5,0,0,1,0.0,0,0,1,0,20
869,1,1,0.0,4.0,11.1333,0,0,1,1.0,1,0,0,0,1
870,0,1,0.0,26.0,7.8958,0,0,1,0.0,0,0,1,0,20
871,1,3,1.0,47.0,52.5542,0,0,1,1.0,0,0,0,1,40
872,0,3,0.0,33.0,5.0,0,0,1,0.0,0,0,1,0,30
873,0,1,0.0,47.0,9.0,0,0,1,0.0,0,0,1,0,40
874,1,2,1.0,28.0,24.0,1,0,0,1.0,0,0,0,1,20
875,1,1,1.0,15.0,7.225,1,0,0,0.0,0,1,0,0,10
876,0,1,0.0,20.0,9.8458,0,0,1,1.0,0,0,1,0,10
877,0,1,0.0,19.0,7.8958,0,0,1,0.0,0,0,1,0,10
878,0,1,0.0,29.550681762601315,7.8958,0,0,1,0.0,0,0,1,0,20
879,1,3,1.0,56.0,83.1583,1,0,0,1.0,0,0,0,1,50
880,1,2,1.0,25.0,26.0,0,0,1,1.0,0,0,0,1,20
881,0,1,0.0,33.0,7.8958,0,0,1,0.0,0,0,1,0,30
882,0,1,1.0,22.0,10.5167,0,0,1,0.0,0,1,0,0,20
883,0,2,0.0,28.0,10.5,0,0,1,0.0,0,0,1,0,20
884,0,1,0.0,25.0,7.05,0,0,1,0.0,0,0,1,0,20
885,0,1,1.0,39.0,29.125,0,1,0,1.0,0,0,0,1,30
886,0,2,0.0,27.0,13.0,0,0,1,0.0,0,0,1,0,20
887,1,3,1.0,19.0,30.0,0,0,1,0.0,0,1,0,0,10
888,0,1,1.0,9.965444864692493,23.45,0,0,1,1.0,0,1,0,0,1
889,1,3,0.0,26.0,30.0,1,0,0,0.0,0,0,1,0,20
890,0,1,0.0,32.0,7.75,0,1,0,0.0,0,0,1,0,30
